연번,정류장,예정시간,실제도착시간,지연(분)
1,대구대정문 건너,2020-01-02 05:30:00,2020-01-02 05:50:34,20.57
1,하양역 건너,2020-01-02 06:25:00,2020-01-02 06:29:12,4.2
1,상공회의소건너,2020-01-02 07:05:00,2020-01-02 07:01:54,-3.1
1,안심역(4번출구),2020-01-02 07:15:00,2020-01-02 07:18:14,3.23
1,하양역,2020-01-02 07:25:00,2020-01-02 07:32:12,7.2
1,대구대정문 건너,2020-01-02 07:45:00,2020-01-02 07:43:00,-2.0
1,대구대정문 건너,2020-01-03 05:30:00,2020-01-03 05:26:40,-3.33
1,하양역 건너,2020-01-03 06:25:00,2020-01-03 06:29:13,4.22
1,상공회의소건너,2020-01-03 07:05:00,2020-01-03 07:07:04,2.07
1,안심역(4번출구),2020-01-03 07:15:00,2020-01-03 07:09:00,-6.0
1,하양역,2020-01-03 07:25:00,2020-01-03 07:26:52,1.87
1,대구대정문 건너,2020-01-03 07:45:00,2020-01-03 07:44:16,-0.73
1,대구대정문 건너,2020-01-06 05:30:00,2020-01-06 05:40:01,10.02
1,하양역 건너,2020-01-06 06:25:00,2020-01-06 06:32:07,7.12
1,상공회의소건너,2020-01-06 07:05:00,2020-01-06 07:01:08,-3.87
1,안심역(4번출구),2020-01-06 07:15:00,2020-01-06 07:09:10,-5.83
1,하양역,2020-01-06 07:25:00,2020-01-06 07:26:42,1.7
1,대구대정문 건너,2020-01-06 07:45:00,2020-01-06 07:44:10,-0.83
2,진량황제A(진량방향),2020-01-02 05:35:00,2020-01-02 05:56:04,21.07
2,대구대정문 건너,2020-01-02 05:50:00,2020-01-02 05:50:34,0.57
2,하양역 건너,2020-01-02 06:00:00,2020-01-02 05:59:23,-0.62
2,상공회의소건너,2020-01-02 06:50:00,2020-01-02 06:47:50,-2.17
2,안심역(4번출구),2020-01-02 07:30:00,2020-01-02 07:29:57,-0.05
2,하양역,2020-01-02 07:40:00,2020-01-02 07:44:31,4.52
2,대구대정문 건너,2020-01-02 07:50:00,2020-01-02 07:54:51,4.85
2,진량황제A(진량방향),2020-01-03 05:35:00,2020-01-03 05:33:55,-1.08
2,대구대정문 건너,2020-01-03 05:50:00,2020-01-03 05:48:55,-1.08
2,하양역 건너,2020-01-03 06:00:00,2020-01-03 05:56:49,-3.18
2,상공회의소건너,2020-01-03 06:50:00,2020-01-03 06:54:32,4.53
2,안심역(4번출구),2020-01-03 07:30:00,2020-01-03 07:26:59,-3.02
2,하양역,2020-01-03 07:40:00,2020-01-03 07:44:29,4.48
2,대구대정문 건너,2020-01-03 07:50:00,2020-01-03 07:54:47,4.78
2,진량황제A(진량방향),2020-01-06 05:35:00,2020-01-06 06:18:16,43.27
2,대구대정문 건너,2020-01-06 05:50:00,2020-01-06 05:40:01,-9.98
2,하양역 건너,2020-01-06 06:00:00,2020-01-06 06:10:36,10.6
2,상공회의소건너,2020-01-06 06:50:00,2020-01-06 06:54:37,4.62
2,안심역(4번출구),2020-01-06 07:30:00,2020-01-06 07:24:05,-5.92
2,하양역,2020-01-06 07:40:00,2020-01-06 07:39:00,-1.0
2,대구대정문 건너,2020-01-06 07:50:00,2020-01-06 07:44:10,-5.83
2,진량황제A,2020-01-06 08:10:00,2020-01-06 17:37:11,567.18
3,진량황제A(진량방향),2020-01-02 06:00:00,2020-01-02 05:56:04,-3.93
3,대구대정문 건너,2020-01-02 06:15:00,2020-01-02 06:10:04,-4.93
3,하양역 건너,2020-01-02 06:25:00,2020-01-02 06:29:12,4.2
3,상공회의소건너,2020-01-02 07:30:00,2020-01-02 07:31:56,1.93
3,안심역(4번출구),2020-01-02 08:10:00,2020-01-02 08:12:09,2.15
3,하양역,2020-01-02 08:25:00,2020-01-02 08:23:58,-1.03
3,대구대정문 건너,2020-01-02 08:40:00,2020-01-02 08:34:43,-5.28
3,진량황제A(진량방향),2020-01-03 06:00:00,2020-01-03 05:54:52,-5.13
3,대구대정문 건너,2020-01-03 06:15:00,2020-01-03 06:07:10,-7.83
3,하양역 건너,2020-01-03 06:25:00,2020-01-03 06:29:13,4.22
3,상공회의소건너,2020-01-03 07:30:00,2020-01-03 07:28:12,-1.8
3,안심역(4번출구),2020-01-03 08:10:00,2020-01-03 08:02:53,-7.12
3,하양역,2020-01-03 08:25:00,2020-01-03 08:17:29,-7.52
3,대구대정문 건너,2020-01-03 08:40:00,2020-01-03 08:51:11,11.18
3,진량황제A(진량방향),2020-01-06 06:00:00,2020-01-06 06:18:16,18.27
3,대구대정문 건너,2020-01-06 06:15:00,2020-01-06 06:06:31,-8.48
3,하양역 건너,2020-01-06 06:25:00,2020-01-06 06:32:07,7.12
3,상공회의소건너,2020-01-06 07:30:00,2020-01-06 07:28:03,-1.95
3,안심역(4번출구),2020-01-06 08:10:00,2020-01-06 08:12:10,2.17
3,하양역,2020-01-06 08:25:00,2020-01-06 08:27:05,2.08
3,대구대정문 건너,2020-01-06 08:40:00,2020-01-06 08:38:56,-1.07
4,진량황제A(진량방향),2020-01-02 06:15:00,2020-01-02 06:18:11,3.18
4,대구대정문 건너,2020-01-02 06:35:00,2020-01-02 06:30:35,-4.42
4,하양역 건너,2020-01-02 06:45:00,2020-01-02 06:41:17,-3.72
4,상공회의소건너,2020-01-02 07:50:00,2020-01-02 07:55:13,5.22
4,안심역(4번출구),2020-01-02 08:30:00,2020-01-02 08:33:02,3.03
4,하양역,2020-01-02 08:45:00,2020-01-02 08:45:24,0.4
4,대구대정문 건너,2020-01-02 09:00:00,2020-01-02 08:53:41,-6.32
4,진량황제A(진량방향),2020-01-03 06:15:00,2020-01-03 06:13:59,-1.02
4,대구대정문 건너,2020-01-03 06:35:00,2020-01-03 06:31:22,-3.63
4,하양역 건너,2020-01-03 06:45:00,2020-01-03 06:41:25,-3.58
4,상공회의소건너,2020-01-03 07:50:00,2020-01-03 07:55:12,5.2
4,안심역(4번출구),2020-01-03 08:30:00,2020-01-03 08:35:51,5.85
4,하양역,2020-01-03 08:45:00,2020-01-03 08:50:33,5.55
4,대구대정문 건너,2020-01-03 09:00:00,2020-01-03 08:51:32,-8.47
4,진량황제A(진량방향),2020-01-06 06:15:00,2020-01-06 06:18:16,3.27
4,대구대정문 건너,2020-01-06 06:35:00,2020-01-06 06:30:15,-4.75
4,하양역 건너,2020-01-06 06:45:00,2020-01-06 06:39:13,-5.78
4,상공회의소건너,2020-01-06 07:50:00,2020-01-06 07:48:46,-1.23
4,안심역(4번출구),2020-01-06 08:30:00,2020-01-06 08:33:08,3.13
4,하양역,2020-01-06 08:45:00,2020-01-06 08:48:21,3.35
4,대구대정문 건너,2020-01-06 09:00:00,2020-01-06 09:03:13,3.22
5,진량황제A(진량방향),2020-01-02 06:30:00,2020-01-02 06:37:57,7.95
5,대구대정문 건너,2020-01-02 06:50:00,2020-01-02 06:54:44,4.73
5,하양역 건너,2020-01-02 07:00:00,2020-01-02 07:02:17,2.28
5,상공회의소건너,2020-01-02 08:10:00,2020-01-02 08:09:52,-0.13
5,안심역(4번출구),2020-01-02 08:50:00,2020-01-02 08:50:52,0.87
5,하양역,2020-01-02 09:05:00,2020-01-02 09:02:37,-2.38
5,대구대정문 건너,2020-01-02 09:20:00,2020-01-02 09:26:30,6.5
5,진량황제A(진량방향),2020-01-03 06:30:00,2020-01-03 06:40:21,10.35
5,대구대정문 건너,2020-01-03 06:50:00,2020-01-03 06:55:10,5.17
5,하양역 건너,2020-01-03 07:00:00,2020-01-03 07:00:51,0.85
5,상공회의소건너,2020-01-03 08:10:00,2020-01-03 08:13:35,3.58
5,안심역(4번출구),2020-01-03 08:50:00,2020-01-03 08:53:51,3.85
5,하양역,2020-01-03 09:05:00,2020-01-03 09:05:40,0.67
5,대구대정문 건너,2020-01-03 09:20:00,2020-01-03 09:16:39,-3.35
5,진량황제A(진량방향),2020-01-06 06:30:00,2020-01-06 06:40:21,10.35
5,대구대정문 건너,2020-01-06 06:50:00,2020-01-06 06:56:09,6.15
5,하양역 건너,2020-01-06 07:00:00,2020-01-06 07:02:02,2.03
5,상공회의소건너,2020-01-06 08:10:00,2020-01-06 08:06:49,-3.18
5,안심역(4번출구),2020-01-06 08:50:00,2020-01-06 08:47:51,-2.15
5,하양역,2020-01-06 09:05:00,2020-01-06 09:02:30,-2.5
5,대구대정문 건너,2020-01-06 09:20:00,2020-01-06 09:26:08,6.13
6,진량황제A(진량방향),2020-01-02 06:45:00,2020-01-02 06:37:57,-7.05
6,대구대정문 건너,2020-01-02 07:05:00,2020-01-02 06:54:44,-10.27
6,하양역 건너,2020-01-02 07:15:00,2020-01-02 07:13:09,-1.85
6,상공회의소건너,2020-01-02 08:25:00,2020-01-02 08:31:59,6.98
6,안심역(4번출구),2020-01-02 09:05:00,2020-01-02 09:08:59,3.98
6,하양역,2020-01-02 09:20:00,2020-01-02 09:20:38,0.63
6,대구대정문 건너,2020-01-02 09:35:00,2020-01-02 09:34:19,-0.68
6,진량황제A(진량방향),2020-01-03 06:45:00,2020-01-03 06:40:21,-4.65
6,대구대정문 건너,2020-01-03 07:05:00,2020-01-03 07:08:42,3.7
6,하양역 건너,2020-01-03 07:15:00,2020-01-03 07:15:44,0.73
6,상공회의소건너,2020-01-03 08:25:00,2020-01-03 08:29:22,4.37
6,안심역(4번출구),2020-01-03 09:05:00,2020-01-03 09:03:05,-1.92
6,하양역,2020-01-03 09:20:00,2020-01-03 09:14:46,-5.23
6,대구대정문 건너,2020-01-03 09:35:00,2020-01-03 09:32:13,-2.78
6,진량황제A(진량방향),2020-01-06 06:45:00,2020-01-06 06:40:21,-4.65
6,대구대정문 건너,2020-01-06 07:05:00,2020-01-06 07:06:17,1.28
6,하양역 건너,2020-01-06 07:15:00,2020-01-06 07:07:29,-7.52
6,상공회의소건너,2020-01-06 08:25:00,2020-01-06 08:31:45,6.75
6,안심역(4번출구),2020-01-06 09:05:00,2020-01-06 09:05:53,0.88
6,하양역,2020-01-06 09:20:00,2020-01-06 09:29:47,9.78
6,대구대정문 건너,2020-01-06 09:35:00,2020-01-06 09:40:54,5.9
7,진량황제A(진량방향),2020-01-02 07:00:00,2020-01-02 07:03:27,3.45
7,대구대정문 건너,2020-01-02 07:20:00,2020-01-02 07:19:15,-0.75
7,하양역 건너,2020-01-02 07:30:00,2020-01-02 07:30:14,0.23
7,상공회의소건너,2020-01-02 08:40:00,2020-01-02 08:39:35,-0.42
7,안심역(4번출구),2020-01-02 09:20:00,2020-01-02 09:23:58,3.97
7,하양역,2020-01-02 09:40:00,2020-01-02 09:35:29,-4.52
7,대구대정문 건너,2020-01-02 09:55:00,2020-01-02 09:48:49,-6.18
7,진량황제A(진량방향),2020-01-03 07:00:00,2020-01-03 07:00:55,0.92
7,대구대정문 건너,2020-01-03 07:20:00,2020-01-03 07:20:10,0.17
7,하양역 건너,2020-01-03 07:30:00,2020-01-03 07:30:18,0.3
7,상공회의소건너,2020-01-03 08:40:00,2020-01-03 08:40:12,0.2
7,안심역(4번출구),2020-01-03 09:20:00,2020-01-03 09:17:59,-2.02
7,하양역,2020-01-03 09:40:00,2020-01-03 09:46:15,6.25
7,대구대정문 건너,2020-01-03 09:55:00,2020-01-03 09:52:53,-2.12
7,진량황제A(진량방향),2020-01-06 07:00:00,2020-01-06 07:01:47,1.78
7,대구대정문 건너,2020-01-06 07:20:00,2020-01-06 07:20:14,0.23
7,하양역 건너,2020-01-06 07:30:00,2020-01-06 07:30:49,0.82
7,상공회의소건너,2020-01-06 08:40:00,2020-01-06 08:35:30,-4.5
7,안심역(4번출구),2020-01-06 09:20:00,2020-01-06 09:14:42,-5.3
7,하양역,2020-01-06 09:40:00,2020-01-06 09:46:35,6.58
7,대구대정문 건너,2020-01-06 09:55:00,2020-01-06 09:53:15,-1.75
8,진량황제A(진량방향),2020-01-02 07:10:00,2020-01-02 07:03:27,-6.55
8,대구대정문 건너,2020-01-02 07:30:00,2020-01-02 07:28:11,-1.82
8,하양역 건너,2020-01-02 07:40:00,2020-01-02 07:36:22,-3.63
8,상공회의소건너,2020-01-02 08:50:00,2020-01-02 08:48:49,-1.18
8,안심역(4번출구),2020-01-02 09:30:00,2020-01-02 09:23:58,-6.03
8,하양역,2020-01-02 09:50:00,2020-01-02 09:58:14,8.23
8,대구대정문 건너,2020-01-02 10:05:00,2020-01-02 10:10:50,5.83
8,진량황제A(진량방향),2020-01-03 07:10:00,2020-01-03 07:00:55,-9.08
8,대구대정문 건너,2020-01-03 07:30:00,2020-01-03 07:30:54,0.9
8,하양역 건너,2020-01-03 07:40:00,2020-01-03 07:38:50,-1.17
8,상공회의소건너,2020-01-03 08:50:00,2020-01-03 08:51:54,1.9
8,안심역(4번출구),2020-01-03 09:30:00,2020-01-03 09:30:07,0.12
8,하양역,2020-01-03 09:50:00,2020-01-03 09:46:15,-3.75
8,대구대정문 건너,2020-01-03 10:05:00,2020-01-03 10:12:41,7.68
8,진량황제A(진량방향),2020-01-06 07:10:00,2020-01-06 07:01:47,-8.22
8,대구대정문 건너,2020-01-06 07:30:00,2020-01-06 07:20:14,-9.77
8,하양역 건너,2020-01-06 07:40:00,2020-01-06 07:39:47,-0.22
8,상공회의소건너,2020-01-06 08:50:00,2020-01-06 08:55:46,5.77
8,안심역(4번출구),2020-01-06 09:30:00,2020-01-06 09:30:14,0.23
8,하양역,2020-01-06 09:50:00,2020-01-06 09:46:35,-3.42
8,대구대정문 건너,2020-01-06 10:05:00,2020-01-06 09:53:15,-11.75
9,진량황제A(진량방향),2020-01-02 07:20:00,2020-01-02 07:24:10,4.17
9,대구대정문 건너,2020-01-02 07:40:00,2020-01-02 07:38:25,-1.58
9,하양역 건너,2020-01-02 07:50:00,2020-01-02 07:51:34,1.57
9,상공회의소건너,2020-01-02 09:00:00,2020-01-02 09:06:50,6.83
9,안심역(4번출구),2020-01-02 09:40:00,2020-01-02 09:45:07,5.12
9,하양역,2020-01-02 10:00:00,2020-01-02 09:58:14,-1.77
9,대구대정문 건너,2020-01-02 10:15:00,2020-01-02 10:10:53,-4.12
9,진량황제A(진량방향),2020-01-03 07:20:00,2020-01-03 07:25:25,5.42
9,대구대정문 건너,2020-01-03 07:40:00,2020-01-03 07:44:16,4.27
9,하양역 건너,2020-01-03 07:50:00,2020-01-03 07:54:10,4.17
9,상공회의소건너,2020-01-03 09:00:00,2020-01-03 08:51:54,-8.1
9,안심역(4번출구),2020-01-03 09:40:00,2020-01-03 09:30:07,-9.88
9,하양역,2020-01-03 10:00:00,2020-01-03 10:03:31,3.52
9,대구대정문 건너,2020-01-03 10:15:00,2020-01-03 10:12:47,-2.22
9,진량황제A(진량방향),2020-01-06 07:20:00,2020-01-06 07:24:50,4.83
9,대구대정문 건너,2020-01-06 07:40:00,2020-01-06 07:44:10,4.17
9,하양역 건너,2020-01-06 07:50:00,2020-01-06 07:57:55,7.92
9,상공회의소건너,2020-01-06 09:00:00,2020-01-06 08:55:46,-4.23
9,안심역(4번출구),2020-01-06 09:40:00,2020-01-06 09:30:14,-9.77
9,하양역,2020-01-06 10:00:00,2020-01-06 10:03:43,3.72
9,대구대정문 건너,2020-01-06 10:15:00,2020-01-06 10:16:50,1.83
11,진량황제A(진량방향),2020-01-02 07:30:00,2020-01-02 07:24:10,-5.83
11,대구대정문 건너,2020-01-02 07:50:00,2020-01-02 07:54:51,4.85
11,하양역 건너,2020-01-02 08:00:00,2020-01-02 08:03:25,3.42
11,상공회의소건너,2020-01-02 09:10:00,2020-01-02 09:12:05,2.08
11,안심역(4번출구),2020-01-02 09:50:00,2020-01-02 09:47:52,-2.13
11,하양역,2020-01-02 10:10:00,2020-01-02 10:03:14,-6.77
11,대구대정문 건너,2020-01-02 10:25:00,2020-01-02 10:28:27,3.45
11,진량황제A(진량방향),2020-01-03 07:30:00,2020-01-03 07:25:25,-4.58
11,대구대정문 건너,2020-01-03 07:50:00,2020-01-03 07:54:47,4.78
11,하양역 건너,2020-01-03 08:00:00,2020-01-03 08:00:59,0.98
11,상공회의소건너,2020-01-03 09:10:00,2020-01-03 09:09:34,-0.43
11,안심역(4번출구),2020-01-03 09:50:00,2020-01-03 09:50:46,0.77
11,하양역,2020-01-03 10:10:00,2020-01-03 10:03:31,-6.48
11,대구대정문 건너,2020-01-03 10:25:00,2020-01-03 10:21:51,-3.15
11,진량황제A(진량방향),2020-01-06 07:30:00,2020-01-06 07:24:50,-5.17
11,대구대정문 건너,2020-01-06 07:50:00,2020-01-06 07:44:10,-5.83
11,하양역 건너,2020-01-06 08:00:00,2020-01-06 07:57:55,-2.08
11,상공회의소건너,2020-01-06 09:10:00,2020-01-06 09:13:42,3.7
11,안심역(4번출구),2020-01-06 09:50:00,2020-01-06 09:51:00,1.0
11,하양역,2020-01-06 10:10:00,2020-01-06 10:03:43,-6.28
11,대구대정문 건너,2020-01-06 10:25:00,2020-01-06 10:16:50,-8.17
12,대구대정문 건너,2020-01-02 08:10:00,2020-01-02 08:18:50,8.83
12,하양역 건너,2020-01-02 08:20:00,2020-01-02 08:12:51,-7.15
12,상공회의소건너,2020-01-02 09:30:00,2020-01-02 09:31:55,1.92
12,안심역(4번출구),2020-01-02 10:10:00,2020-01-02 10:10:41,0.68
12,하양역,2020-01-02 10:25:00,2020-01-02 10:23:09,-1.85
12,대구대정문 건너,2020-01-02 10:40:00,2020-01-02 10:35:11,-4.82
12,대구대정문 건너,2020-01-03 08:10:00,2020-01-03 08:04:43,-5.28
12,하양역 건너,2020-01-03 08:20:00,2020-01-03 08:24:10,4.17
12,상공회의소건너,2020-01-03 09:30:00,2020-01-03 09:28:45,-1.25
12,안심역(4번출구),2020-01-03 10:10:00,2020-01-03 10:07:57,-2.05
12,하양역,2020-01-03 10:25:00,2020-01-03 10:23:45,-1.25
12,대구대정문 건너,2020-01-03 10:40:00,2020-01-03 10:36:25,-3.58
12,대구대정문 건너,2020-01-06 08:10:00,2020-01-06 08:06:58,-3.03
12,하양역 건너,2020-01-06 08:20:00,2020-01-06 08:10:26,-9.57
12,상공회의소건너,2020-01-06 09:30:00,2020-01-06 09:37:12,7.2
12,안심역(4번출구),2020-01-06 10:10:00,2020-01-06 10:13:32,3.53
12,하양역,2020-01-06 10:25:00,2020-01-06 10:26:23,1.38
12,대구대정문 건너,2020-01-06 10:40:00,2020-01-06 10:40:38,0.63
13,대구대정문 건너,2020-01-02 08:30:00,2020-01-02 08:31:11,1.18
13,하양역 건너,2020-01-02 08:40:00,2020-01-02 08:36:46,-3.23
13,상공회의소건너,2020-01-02 09:50:00,2020-01-02 09:49:29,-0.52
13,안심역(4번출구),2020-01-02 10:30:00,2020-01-02 10:22:20,-7.67
13,하양역,2020-01-02 10:45:00,2020-01-02 10:40:20,-4.67
13,대구대정문 건너,2020-01-02 11:00:00,2020-01-02 10:56:36,-3.4
13,대구대정문 건너,2020-01-03 08:30:00,2020-01-03 08:28:37,-1.38
13,하양역 건너,2020-01-03 08:40:00,2020-01-03 08:39:27,-0.55
13,상공회의소건너,2020-01-03 09:50:00,2020-01-03 09:46:25,-3.58
13,안심역(4번출구),2020-01-03 10:30:00,2020-01-03 10:24:59,-5.02
13,하양역,2020-01-03 10:45:00,2020-01-03 10:40:52,-4.13
13,대구대정문 건너,2020-01-03 11:00:00,2020-01-03 10:59:01,-0.98
13,대구대정문 건너,2020-01-06 08:30:00,2020-01-06 08:30:24,0.4
13,하양역 건너,2020-01-06 08:40:00,2020-01-06 08:39:48,-0.2
13,상공회의소건너,2020-01-06 09:50:00,2020-01-06 09:46:10,-3.83
13,안심역(4번출구),2020-01-06 10:30:00,2020-01-06 10:36:44,6.73
13,하양역,2020-01-06 10:45:00,2020-01-06 10:51:38,6.63
13,대구대정문 건너,2020-01-06 11:00:00,2020-01-06 11:03:00,3.0
14,대구대정문 건너,2020-01-02 08:50:00,2020-01-02 08:53:41,3.68
14,하양역 건너,2020-01-02 09:00:00,2020-01-02 09:03:25,3.42
14,상공회의소건너,2020-01-02 10:10:00,2020-01-02 10:12:43,2.72
14,안심역(4번출구),2020-01-02 10:50:00,2020-01-02 10:47:58,-2.03
14,하양역,2020-01-02 11:05:00,2020-01-02 11:03:18,-1.7
14,대구대정문 건너,2020-01-02 11:20:00,2020-01-02 11:21:44,1.73
14,대구대정문 건너,2020-01-03 08:50:00,2020-01-03 08:51:11,1.18
14,하양역 건너,2020-01-03 09:00:00,2020-01-03 09:02:57,2.95
14,상공회의소건너,2020-01-03 10:10:00,2020-01-03 10:08:37,-1.38
14,안심역(4번출구),2020-01-03 10:50:00,2020-01-03 10:47:38,-2.37
14,하양역,2020-01-03 11:05:00,2020-01-03 11:08:55,3.92
14,대구대정문 건너,2020-01-03 11:20:00,2020-01-03 11:20:17,0.28
14,대구대정문 건너,2020-01-06 08:50:00,2020-01-06 08:49:25,-0.58
14,하양역 건너,2020-01-06 09:00:00,2020-01-06 09:01:08,1.13
14,상공회의소건너,2020-01-06 10:10:00,2020-01-06 10:13:21,3.35
14,안심역(4번출구),2020-01-06 10:50:00,2020-01-06 10:47:39,-2.35
14,하양역,2020-01-06 11:05:00,2020-01-06 11:00:01,-4.98
14,대구대정문 건너,2020-01-06 11:20:00,2020-01-06 11:23:00,3.0
15,대구대정문 건너,2020-01-02 09:15:00,2020-01-02 09:12:58,-2.03
15,하양역 건너,2020-01-02 09:25:00,2020-01-02 09:31:01,6.02
15,상공회의소건너,2020-01-02 10:35:00,2020-01-02 10:32:51,-2.15
15,안심역(4번출구),2020-01-02 11:15:00,2020-01-02 11:16:27,1.45
15,하양역,2020-01-02 11:30:00,2020-01-02 11:30:59,0.98
15,대구대정문 건너,2020-01-02 11:45:00,2020-01-02 11:55:06,10.1
15,대구대정문 건너,2020-01-03 09:15:00,2020-01-03 09:16:39,1.65
15,하양역 건너,2020-01-03 09:25:00,2020-01-03 09:27:53,2.88
15,상공회의소건너,2020-01-03 10:35:00,2020-01-03 10:42:16,7.27
15,안심역(4번출구),2020-01-03 11:15:00,2020-01-03 11:18:50,3.83
15,하양역,2020-01-03 11:30:00,2020-01-03 11:34:00,4.0
15,대구대정문 건너,2020-01-03 11:45:00,2020-01-03 11:57:29,12.48
15,대구대정문 건너,2020-01-06 09:15:00,2020-01-06 09:04:41,-10.32
15,하양역 건너,2020-01-06 09:25:00,2020-01-06 09:15:53,-9.12
15,상공회의소건너,2020-01-06 10:35:00,2020-01-06 10:40:03,5.05
15,안심역(4번출구),2020-01-06 11:15:00,2020-01-06 11:19:22,4.37
15,하양역,2020-01-06 11:30:00,2020-01-06 11:34:04,4.07
15,대구대정문 건너,2020-01-06 11:45:00,2020-01-06 11:47:01,2.02
16,대구대정문 건너,2020-01-02 09:35:00,2020-01-02 09:34:19,-0.68
16,하양역 건너,2020-01-02 09:45:00,2020-01-02 09:44:10,-0.83
16,상공회의소건너,2020-01-02 10:55:00,2020-01-02 10:56:17,1.28
16,안심역(4번출구),2020-01-02 11:35:00,2020-01-02 11:30:12,-4.8
16,하양역,2020-01-02 11:50:00,2020-01-02 11:44:47,-5.22
16,대구대정문 건너,2020-01-02 12:05:00,2020-01-02 12:08:48,3.8
16,대구대정문 건너,2020-01-03 09:35:00,2020-01-03 09:32:13,-2.78
16,하양역 건너,2020-01-03 09:45:00,2020-01-03 09:43:36,-1.4
16,상공회의소건너,2020-01-03 10:55:00,2020-01-03 10:56:24,1.4
16,안심역(4번출구),2020-01-03 11:35:00,2020-01-03 11:33:02,-1.97
16,하양역,2020-01-03 11:50:00,2020-01-03 11:45:22,-4.63
16,대구대정문 건너,2020-01-03 12:05:00,2020-01-03 12:04:38,-0.37
16,대구대정문 건너,2020-01-06 09:35:00,2020-01-06 09:40:54,5.9
16,하양역 건너,2020-01-06 09:45:00,2020-01-06 09:40:45,-4.25
16,상공회의소건너,2020-01-06 10:55:00,2020-01-06 10:56:44,1.73
16,안심역(4번출구),2020-01-06 11:35:00,2020-01-06 11:35:43,0.72
16,하양역,2020-01-06 11:50:00,2020-01-06 11:48:51,-1.15
16,대구대정문 건너,2020-01-06 12:05:00,2020-01-06 12:02:39,-2.35
17,대구대정문 건너,2020-01-02 09:55:00,2020-01-02 09:48:49,-6.18
17,하양역 건너,2020-01-02 10:05:00,2020-01-02 10:06:44,1.73
17,상공회의소건너,2020-01-02 11:15:00,2020-01-02 11:09:13,-5.78
17,안심역(4번출구),2020-01-02 11:55:00,2020-01-02 12:01:33,6.55
17,하양역,2020-01-02 12:10:00,2020-01-02 12:13:46,3.77
17,대구대정문 건너,2020-01-02 12:25:00,2020-01-02 12:26:41,1.68
17,대구대정문 건너,2020-01-03 09:55:00,2020-01-03 09:52:53,-2.12
17,하양역 건너,2020-01-03 10:05:00,2020-01-03 10:03:37,-1.38
17,상공회의소건너,2020-01-03 11:15:00,2020-01-03 11:14:34,-0.43
17,안심역(4번출구),2020-01-03 11:55:00,2020-01-03 11:55:29,0.48
17,하양역,2020-01-03 12:10:00,2020-01-03 12:08:08,-1.87
17,대구대정문 건너,2020-01-03 12:25:00,2020-01-03 12:21:08,-3.87
17,대구대정문 건너,2020-01-06 09:55:00,2020-01-06 09:53:15,-1.75
17,하양역 건너,2020-01-06 10:05:00,2020-01-06 10:07:23,2.38
17,상공회의소건너,2020-01-06 11:15:00,2020-01-06 11:17:53,2.88
17,안심역(4번출구),2020-01-06 11:55:00,2020-01-06 11:55:30,0.5
17,하양역,2020-01-06 12:10:00,2020-01-06 12:08:08,-1.87
17,대구대정문 건너,2020-01-06 12:25:00,2020-01-06 12:20:56,-4.07
18,대구대정문 건너,2020-01-02 10:12:00,2020-01-02 10:10:53,-1.12
18,하양역 건너,2020-01-02 10:22:00,2020-01-02 10:22:23,0.38
18,상공회의소건너,2020-01-02 11:32:00,2020-01-02 11:35:09,3.15
18,안심역(4번출구),2020-01-02 12:12:00,2020-01-02 12:15:26,3.43
18,하양역,2020-01-02 12:27:00,2020-01-02 12:27:30,0.5
18,대구대정문 건너,2020-01-02 12:42:00,2020-01-02 12:34:24,-7.6
18,대구대정문 건너,2020-01-03 10:12:00,2020-01-03 10:12:41,0.68
18,하양역 건너,2020-01-03 10:22:00,2020-01-03 10:26:14,4.23
18,상공회의소건너,2020-01-03 11:32:00,2020-01-03 11:39:03,7.05
18,안심역(4번출구),2020-01-03 12:12:00,2020-01-03 12:12:33,0.55
18,하양역,2020-01-03 12:27:00,2020-01-03 12:24:51,-2.15
18,대구대정문 건너,2020-01-03 12:42:00,2020-01-03 12:38:30,-3.5
18,대구대정문 건너,2020-01-06 10:12:00,2020-01-06 10:16:50,4.83
18,하양역 건너,2020-01-06 10:22:00,2020-01-06 10:27:46,5.77
18,상공회의소건너,2020-01-06 11:32:00,2020-01-06 11:32:27,0.45
18,안심역(4번출구),2020-01-06 12:12:00,2020-01-06 12:12:37,0.62
18,하양역,2020-01-06 12:27:00,2020-01-06 12:28:29,1.48
18,대구대정문 건너,2020-01-06 12:42:00,2020-01-06 12:41:02,-0.97
19,대구대정문 건너,2020-01-02 10:30:00,2020-01-02 10:28:27,-1.55
19,하양역 건너,2020-01-02 10:40:00,2020-01-02 10:40:11,0.18
19,상공회의소건너,2020-01-02 11:50:00,2020-01-02 11:50:18,0.3
19,안심역(4번출구),2020-01-02 12:30:00,2020-01-02 12:29:40,-0.33
19,하양역,2020-01-02 12:45:00,2020-01-02 12:42:21,-2.65
19,대구대정문 건너,2020-01-02 13:00:00,2020-01-02 12:55:36,-4.4
19,대구대정문 건너,2020-01-03 10:30:00,2020-01-03 10:33:58,3.97
19,하양역 건너,2020-01-03 10:40:00,2020-01-03 10:35:06,-4.9
19,상공회의소건너,2020-01-03 11:50:00,2020-01-03 11:47:27,-2.55
19,안심역(4번출구),2020-01-03 12:30:00,2020-01-03 12:32:26,2.43
19,하양역,2020-01-03 12:45:00,2020-01-03 12:48:22,3.37
19,대구대정문 건너,2020-01-03 13:00:00,2020-01-03 13:00:38,0.63
19,대구대정문 건너,2020-01-06 10:30:00,2020-01-06 10:39:05,9.08
19,하양역 건너,2020-01-06 10:40:00,2020-01-06 10:36:56,-3.07
19,상공회의소건너,2020-01-06 11:50:00,2020-01-06 11:58:14,8.23
19,안심역(4번출구),2020-01-06 12:30:00,2020-01-06 12:29:46,-0.23
19,하양역,2020-01-06 12:45:00,2020-01-06 12:45:31,0.52
19,대구대정문 건너,2020-01-06 13:00:00,2020-01-06 12:48:42,-11.3
20,대구대정문 건너,2020-01-02 10:48:00,2020-01-02 10:52:41,4.68
20,하양역 건너,2020-01-02 10:58:00,2020-01-02 10:50:19,-7.68
20,상공회의소건너,2020-01-02 12:08:00,2020-01-02 12:08:39,0.65
20,안심역(4번출구),2020-01-02 12:48:00,2020-01-02 12:49:32,1.53
20,하양역,2020-01-02 13:03:00,2020-01-02 13:04:41,1.68
20,대구대정문 건너,2020-01-02 13:18:00,2020-01-02 13:17:12,-0.8
20,대구대정문 건너,2020-01-03 10:48:00,2020-01-03 10:53:16,5.27
20,하양역 건너,2020-01-03 10:58:00,2020-01-03 10:55:04,-2.93
20,상공회의소건너,2020-01-03 12:08:00,2020-01-03 12:12:13,4.22
20,안심역(4번출구),2020-01-03 12:48:00,2020-01-03 12:52:16,4.27
20,하양역,2020-01-03 13:03:00,2020-01-03 13:07:55,4.92
20,대구대정문 건너,2020-01-03 13:18:00,2020-01-03 13:07:04,-10.93
20,대구대정문 건너,2020-01-06 10:48:00,2020-01-06 10:47:18,-0.7
20,하양역 건너,2020-01-06 10:58:00,2020-01-06 10:56:25,-1.58
20,상공회의소건너,2020-01-06 12:08:00,2020-01-06 12:06:16,-1.73
20,안심역(4번출구),2020-01-06 12:48:00,2020-01-06 12:55:09,7.15
20,하양역,2020-01-06 13:03:00,2020-01-06 13:10:15,7.25
20,대구대정문 건너,2020-01-06 13:18:00,2020-01-06 13:24:00,6.0
21,대구대정문 건너,2020-01-02 11:06:00,2020-01-02 11:14:46,8.77
21,하양역 건너,2020-01-02 11:16:00,2020-01-02 11:16:27,0.45
21,상공회의소건너,2020-01-02 12:26:00,2020-01-02 12:23:42,-2.3
21,안심역(4번출구),2020-01-02 13:06:00,2020-01-02 13:03:35,-2.42
21,하양역,2020-01-02 13:21:00,2020-01-02 13:15:55,-5.08
21,대구대정문 건너,2020-01-02 13:36:00,2020-01-02 13:30:18,-5.7
21,대구대정문 건너,2020-01-03 11:06:00,2020-01-03 11:09:00,3.0
21,하양역 건너,2020-01-03 11:16:00,2020-01-03 11:14:06,-1.9
21,상공회의소건너,2020-01-03 12:26:00,2020-01-03 12:20:39,-5.35
21,안심역(4번출구),2020-01-03 13:06:00,2020-01-03 13:10:03,4.05
21,하양역,2020-01-03 13:21:00,2020-01-03 13:24:41,3.68
21,대구대정문 건너,2020-01-03 13:36:00,2020-01-03 13:30:33,-5.45
21,대구대정문 건너,2020-01-06 11:06:00,2020-01-06 11:03:00,-3.0
21,하양역 건너,2020-01-06 11:16:00,2020-01-06 11:19:18,3.3
21,상공회의소건너,2020-01-06 12:26:00,2020-01-06 12:26:52,0.87
21,안심역(4번출구),2020-01-06 13:06:00,2020-01-06 13:06:48,0.8
21,하양역,2020-01-06 13:21:00,2020-01-06 13:18:51,-2.15
21,대구대정문 건너,2020-01-06 13:36:00,2020-01-06 13:38:07,2.12
22,대구대정문 건너,2020-01-02 11:22:00,2020-01-02 11:21:44,-0.27
22,하양역 건너,2020-01-02 11:32:00,2020-01-02 11:34:49,2.82
22,상공회의소건너,2020-01-02 12:42:00,2020-01-02 12:38:25,-3.58
22,안심역(4번출구),2020-01-02 13:22:00,2020-01-02 13:17:47,-4.22
22,하양역,2020-01-02 13:37:00,2020-01-02 13:33:28,-3.53
22,대구대정문 건너,2020-01-02 13:52:00,2020-01-02 13:50:59,-1.02
22,대구대정문 건너,2020-01-03 11:22:00,2020-01-03 11:20:17,-1.72
22,하양역 건너,2020-01-03 11:32:00,2020-01-03 11:31:55,-0.08
22,상공회의소건너,2020-01-03 12:42:00,2020-01-03 12:44:23,2.38
22,안심역(4번출구),2020-01-03 13:22:00,2020-01-03 13:23:16,1.27
22,하양역,2020-01-03 13:37:00,2020-01-03 13:35:42,-1.3
22,대구대정문 건너,2020-01-03 13:52:00,2020-01-03 13:52:52,0.87
22,대구대정문 건너,2020-01-06 11:22:00,2020-01-06 11:23:00,1.0
22,하양역 건너,2020-01-06 11:32:00,2020-01-06 11:36:03,4.05
22,상공회의소건너,2020-01-06 12:42:00,2020-01-06 12:44:20,2.33
22,안심역(4번출구),2020-01-06 13:22:00,2020-01-06 13:26:08,4.13
22,하양역,2020-01-06 13:37:00,2020-01-06 13:38:48,1.8
22,대구대정문 건너,2020-01-06 13:52:00,2020-01-06 13:51:19,-0.68
23,대구대정문 건너,2020-01-02 11:40:00,2020-01-02 11:26:23,-13.62
23,하양역 건너,2020-01-02 11:50:00,2020-01-02 11:51:26,1.43
23,상공회의소건너,2020-01-02 13:00:00,2020-01-02 13:05:59,5.98
23,안심역(4번출구),2020-01-02 13:40:00,2020-01-02 13:46:06,6.1
23,하양역,2020-01-02 13:55:00,2020-01-02 14:01:46,6.77
23,대구대정문 건너,2020-01-02 14:10:00,2020-01-02 14:14:36,4.6
23,대구대정문 건너,2020-01-03 11:40:00,2020-01-03 11:32:11,-7.82
23,하양역 건너,2020-01-03 11:50:00,2020-01-03 11:56:29,6.48
23,상공회의소건너,2020-01-03 13:00:00,2020-01-03 13:03:34,3.57
23,안심역(4번출구),2020-01-03 13:40:00,2020-01-03 13:37:35,-2.42
23,하양역,2020-01-03 13:55:00,2020-01-03 13:50:21,-4.65
23,대구대정문 건너,2020-01-03 14:10:00,2020-01-03 14:10:31,0.52
23,대구대정문 건너,2020-01-06 11:40:00,2020-01-06 11:47:01,7.02
23,하양역 건너,2020-01-06 11:50:00,2020-01-06 11:55:33,5.55
23,상공회의소건너,2020-01-06 13:00:00,2020-01-06 13:05:00,5.0
23,안심역(4번출구),2020-01-06 13:40:00,2020-01-06 13:40:23,0.38
23,하양역,2020-01-06 13:55:00,2020-01-06 13:52:26,-2.57
23,대구대정문 건너,2020-01-06 14:10:00,2020-01-06 14:16:31,6.52
24,대구대정문 건너,2020-01-02 11:58:00,2020-01-02 11:55:06,-2.9
24,하양역 건너,2020-01-02 12:08:00,2020-01-02 12:05:38,-2.37
24,상공회의소건너,2020-01-02 13:18:00,2020-01-02 13:17:39,-0.35
24,안심역(4번출구),2020-01-02 13:58:00,2020-01-02 13:57:32,-0.47
24,하양역,2020-01-02 14:13:00,2020-01-02 14:15:44,2.73
24,대구대정문 건너,2020-01-02 14:28:00,2020-01-02 14:34:32,6.53
24,대구대정문 건너,2020-01-03 11:58:00,2020-01-03 11:57:29,-0.52
24,하양역 건너,2020-01-03 12:08:00,2020-01-03 12:09:06,1.1
24,상공회의소건너,2020-01-03 13:18:00,2020-01-03 13:17:52,-0.13
24,안심역(4번출구),2020-01-03 13:58:00,2020-01-03 14:00:21,2.35
24,하양역,2020-01-03 14:13:00,2020-01-03 14:15:18,2.3
24,대구대정문 건너,2020-01-03 14:28:00,2020-01-03 14:28:05,0.08
24,대구대정문 건너,2020-01-06 11:58:00,2020-01-06 12:01:05,3.08
24,하양역 건너,2020-01-06 12:08:00,2020-01-06 12:03:40,-4.33
24,상공회의소건너,2020-01-06 13:18:00,2020-01-06 13:11:57,-6.05
24,안심역(4번출구),2020-01-06 13:58:00,2020-01-06 13:49:07,-8.88
24,하양역,2020-01-06 14:13:00,2020-01-06 14:04:22,-8.63
24,대구대정문 건너,2020-01-06 14:28:00,2020-01-06 14:34:20,6.33
25,대구대정문 건너,2020-01-02 12:16:00,2020-01-02 12:08:48,-7.2
25,하양역 건너,2020-01-02 12:26:00,2020-01-02 12:14:19,-11.68
25,상공회의소건너,2020-01-02 13:36:00,2020-01-02 13:35:51,-0.15
25,안심역(4번출구),2020-01-02 14:16:00,2020-01-02 14:14:28,-1.53
25,하양역,2020-01-02 14:31:00,2020-01-02 14:27:47,-3.22
25,대구대정문 건너,2020-01-02 14:46:00,2020-01-02 14:48:18,2.3
25,대구대정문 건너,2020-01-03 12:16:00,2020-01-03 12:21:02,5.03
25,하양역 건너,2020-01-03 12:26:00,2020-01-03 12:23:36,-2.4
25,상공회의소건너,2020-01-03 13:36:00,2020-01-03 13:29:19,-6.68
25,안심역(4번출구),2020-01-03 14:16:00,2020-01-03 14:23:01,7.02
25,하양역,2020-01-03 14:31:00,2020-01-03 14:39:15,8.25
25,대구대정문 건너,2020-01-03 14:46:00,2020-01-03 14:40:33,-5.45
25,대구대정문 건너,2020-01-06 12:16:00,2020-01-06 12:20:43,4.72
25,하양역 건너,2020-01-06 12:26:00,2020-01-06 12:22:44,-3.27
25,상공회의소건너,2020-01-06 13:36:00,2020-01-06 13:39:15,3.25
25,안심역(4번출구),2020-01-06 14:16:00,2020-01-06 14:14:20,-1.67
25,하양역,2020-01-06 14:31:00,2020-01-06 14:29:13,-1.78
25,대구대정문 건너,2020-01-06 14:46:00,2020-01-06 14:42:24,-3.6
26,대구대정문 건너,2020-01-02 12:34:00,2020-01-02 12:34:24,0.4
26,하양역 건너,2020-01-02 12:44:00,2020-01-02 12:44:40,0.67
26,상공회의소건너,2020-01-02 13:54:00,2020-01-02 14:05:44,11.73
26,안심역(4번출구),2020-01-02 14:34:00,2020-01-02 14:45:35,11.58
26,하양역,2020-01-02 14:49:00,2020-01-02 14:58:12,9.2
26,대구대정문 건너,2020-01-02 15:04:00,2020-01-02 14:58:09,-5.85
26,대구대정문 건너,2020-01-03 12:34:00,2020-01-03 12:38:30,4.5
26,하양역 건너,2020-01-03 12:44:00,2020-01-03 12:42:42,-1.3
26,상공회의소건너,2020-01-03 13:54:00,2020-01-03 13:59:24,5.4
26,안심역(4번출구),2020-01-03 14:34:00,2020-01-03 14:34:18,0.3
26,하양역,2020-01-03 14:49:00,2020-01-03 14:46:17,-2.72
26,대구대정문 건너,2020-01-03 15:04:00,2020-01-03 14:54:06,-9.9
26,대구대정문 건너,2020-01-06 12:34:00,2020-01-06 12:41:02,7.03
26,하양역 건너,2020-01-06 12:44:00,2020-01-06 12:42:31,-1.48
26,상공회의소건너,2020-01-06 13:54:00,2020-01-06 13:47:46,-6.23
26,안심역(4번출구),2020-01-06 14:34:00,2020-01-06 14:28:36,-5.4
26,하양역,2020-01-06 14:49:00,2020-01-06 14:40:44,-8.27
26,대구대정문 건너,2020-01-06 15:04:00,2020-01-06 15:00:40,-3.33
27,대구대정문 건너,2020-01-02 12:52:00,2020-01-02 12:55:36,3.6
27,하양역 건너,2020-01-02 13:02:00,2020-01-02 13:08:18,6.3
27,상공회의소건너,2020-01-02 14:12:00,2020-01-02 14:08:18,-3.7
27,안심역(4번출구),2020-01-02 14:52:00,2020-01-02 14:54:04,2.07
27,하양역,2020-01-02 15:07:00,2020-01-02 15:06:53,-0.12
27,대구대정문 건너,2020-01-02 15:22:00,2020-01-02 15:26:20,4.33
27,대구대정문 건너,2020-01-03 12:52:00,2020-01-03 12:48:42,-3.3
27,하양역 건너,2020-01-03 13:02:00,2020-01-03 13:00:16,-1.73
27,상공회의소건너,2020-01-03 14:12:00,2020-01-03 14:14:29,2.48
27,안심역(4번출구),2020-01-03 14:52:00,2020-01-03 14:54:26,2.43
27,하양역,2020-01-03 15:07:00,2020-01-03 15:09:10,2.17
27,대구대정문 건너,2020-01-03 15:22:00,2020-01-03 15:23:03,1.05
27,대구대정문 건너,2020-01-06 12:52:00,2020-01-06 12:48:42,-3.3
27,하양역 건너,2020-01-06 13:02:00,2020-01-06 13:03:29,1.48
27,상공회의소건너,2020-01-06 14:12:00,2020-01-06 14:12:07,0.12
27,안심역(4번출구),2020-01-06 14:52:00,2020-01-06 14:51:53,-0.12
27,하양역,2020-01-06 15:07:00,2020-01-06 15:06:51,-0.15
27,대구대정문 건너,2020-01-06 15:22:00,2020-01-06 15:22:30,0.5
28,대구대정문 건너,2020-01-02 13:10:00,2020-01-02 13:06:44,-3.27
28,하양역 건너,2020-01-02 13:20:00,2020-01-02 13:22:22,2.37
28,상공회의소건너,2020-01-02 14:30:00,2020-01-02 14:32:55,2.92
28,안심역(4번출구),2020-01-02 15:10:00,2020-01-02 15:13:58,3.97
28,하양역,2020-01-02 15:25:00,2020-01-02 15:26:39,1.65
28,대구대정문 건너,2020-01-02 15:40:00,2020-01-02 15:39:10,-0.83
28,대구대정문 건너,2020-01-03 13:10:00,2020-01-03 13:07:04,-2.93
28,하양역 건너,2020-01-03 13:20:00,2020-01-03 13:19:45,-0.25
28,상공회의소건너,2020-01-03 14:30:00,2020-01-03 14:34:16,4.27
28,안심역(4번출구),2020-01-03 15:10:00,2020-01-03 15:11:08,1.13
28,하양역,2020-01-03 15:25:00,2020-01-03 15:23:09,-1.85
28,대구대정문 건너,2020-01-03 15:40:00,2020-01-03 15:36:30,-3.5
28,대구대정문 건너,2020-01-06 13:10:00,2020-01-06 13:24:00,14.0
28,하양역 건너,2020-01-06 13:20:00,2020-01-06 13:14:03,-5.95
28,상공회의소건너,2020-01-06 14:30:00,2020-01-06 14:33:57,3.95
28,안심역(4번출구),2020-01-06 15:10:00,2020-01-06 15:11:05,1.08
28,하양역,2020-01-06 15:25:00,2020-01-06 15:12:01,-12.98
28,대구대정문 건너,2020-01-06 15:40:00,2020-01-06 15:38:52,-1.13
29,대구대정문 건너,2020-01-02 13:28:00,2020-01-02 13:30:18,2.3
29,하양역 건너,2020-01-02 13:38:00,2020-01-02 13:42:19,4.32
29,상공회의소건너,2020-01-02 14:48:00,2020-01-02 14:47:31,-0.48
29,안심역(4번출구),2020-01-02 15:28:00,2020-01-02 15:22:46,-5.23
29,하양역,2020-01-02 15:43:00,2020-01-02 15:37:31,-5.48
29,대구대정문 건너,2020-01-02 15:58:00,2020-01-02 15:49:56,-8.07
29,대구대정문 건너,2020-01-03 13:28:00,2020-01-03 13:30:33,2.55
29,하양역 건너,2020-01-03 13:38:00,2020-01-03 13:43:15,5.25
29,상공회의소건너,2020-01-03 14:48:00,2020-01-03 14:44:50,-3.17
29,안심역(4번출구),2020-01-03 15:28:00,2020-01-03 15:34:02,6.03
29,하양역,2020-01-03 15:43:00,2020-01-03 15:46:39,3.65
29,대구대정문 건너,2020-01-03 15:58:00,2020-01-03 15:58:48,0.8
29,대구대정문 건너,2020-01-06 13:28:00,2020-01-06 13:30:49,2.82
29,하양역 건너,2020-01-06 13:38:00,2020-01-06 13:31:35,-6.42
29,상공회의소건너,2020-01-06 14:48:00,2020-01-06 15:01:56,13.93
29,안심역(4번출구),2020-01-06 15:28:00,2020-01-06 15:39:37,11.62
29,하양역,2020-01-06 15:43:00,2020-01-06 15:55:18,12.3
29,대구대정문 건너,2020-01-06 15:58:00,2020-01-06 16:04:43,6.72
30,대구대정문 건너,2020-01-02 13:46:00,2020-01-02 13:47:00,1.0
30,하양역 건너,2020-01-02 13:56:00,2020-01-02 13:47:44,-8.27
30,상공회의소건너,2020-01-02 15:06:00,2020-01-02 15:05:23,-0.62
30,안심역(4번출구),2020-01-02 15:46:00,2020-01-02 15:45:08,-0.87
30,하양역,2020-01-02 16:01:00,2020-01-02 16:00:20,-0.67
30,대구대정문 건너,2020-01-02 16:16:00,2020-01-02 16:22:34,6.57
30,대구대정문 건너,2020-01-03 13:46:00,2020-01-03 13:46:53,0.88
30,하양역 건너,2020-01-03 13:56:00,2020-01-03 13:50:35,-5.42
30,상공회의소건너,2020-01-03 15:06:00,2020-01-03 15:11:24,5.4
30,안심역(4번출구),2020-01-03 15:46:00,2020-01-03 15:50:48,4.8
30,하양역,2020-01-03 16:01:00,2020-01-03 16:03:27,2.45
30,대구대정문 건너,2020-01-03 16:16:00,2020-01-03 16:24:44,8.73
30,대구대정문 건너,2020-01-06 13:46:00,2020-01-06 13:51:19,5.32
30,하양역 건너,2020-01-06 13:56:00,2020-01-06 13:59:47,3.78
30,상공회의소건너,2020-01-06 15:06:00,2020-01-06 15:08:59,2.98
30,안심역(4번출구),2020-01-06 15:46:00,2020-01-06 15:50:40,4.67
30,하양역,2020-01-06 16:01:00,2020-01-06 16:03:12,2.2
30,대구대정문 건너,2020-01-06 16:16:00,2020-01-06 16:16:35,0.58
31,대구대정문 건너,2020-01-02 14:04:00,2020-01-02 14:14:36,10.6
31,하양역 건너,2020-01-02 14:14:00,2020-01-02 14:14:59,0.98
31,상공회의소건너,2020-01-02 15:24:00,2020-01-02 15:18:37,-5.38
31,안심역(4번출구),2020-01-02 16:04:00,2020-01-02 16:07:53,3.88
31,하양역,2020-01-02 16:19:00,2020-01-02 16:20:10,1.17
31,대구대정문 건너,2020-01-02 16:34:00,2020-01-02 16:40:18,6.3
31,대구대정문 건너,2020-01-03 14:04:00,2020-01-03 14:10:31,6.52
31,하양역 건너,2020-01-03 14:14:00,2020-01-03 14:15:02,1.03
31,상공회의소건너,2020-01-03 15:24:00,2020-01-03 15:21:28,-2.53
31,안심역(4번출구),2020-01-03 16:04:00,2020-01-03 15:59:28,-4.53
31,하양역,2020-01-03 16:19:00,2020-01-03 16:15:02,-3.97
31,대구대정문 건너,2020-01-03 16:34:00,2020-01-03 16:28:33,-5.45
31,대구대정문 건너,2020-01-06 14:04:00,2020-01-06 13:55:03,-8.95
31,하양역 건너,2020-01-06 14:14:00,2020-01-06 14:14:16,0.27
31,상공회의소건너,2020-01-06 15:24:00,2020-01-06 15:17:52,-6.13
31,안심역(4번출구),2020-01-06 16:04:00,2020-01-06 15:56:58,-7.03
31,하양역,2020-01-06 16:19:00,2020-01-06 16:26:12,7.2
31,대구대정문 건너,2020-01-06 16:34:00,2020-01-06 16:24:37,-9.38
32,대구대정문 건너,2020-01-02 14:22:00,2020-01-02 14:14:47,-7.22
32,하양역 건너,2020-01-02 14:32:00,2020-01-02 14:29:34,-2.43
32,상공회의소건너,2020-01-02 15:42:00,2020-01-02 15:44:28,2.47
32,안심역(4번출구),2020-01-02 16:22:00,2020-01-02 16:24:50,2.83
32,하양역,2020-01-02 16:37:00,2020-01-02 16:34:54,-2.1
32,대구대정문 건너,2020-01-02 16:52:00,2020-01-02 16:44:20,-7.67
32,대구대정문 건너,2020-01-03 14:22:00,2020-01-03 14:18:17,-3.72
32,하양역 건너,2020-01-03 14:32:00,2020-01-03 14:34:09,2.15
32,상공회의소건너,2020-01-03 15:42:00,2020-01-03 15:46:02,4.03
32,안심역(4번출구),2020-01-03 16:22:00,2020-01-03 16:27:45,5.75
32,하양역,2020-01-03 16:37:00,2020-01-03 16:42:21,5.35
32,대구대정문 건너,2020-01-03 16:52:00,2020-01-03 16:54:36,2.6
32,대구대정문 건너,2020-01-06 14:22:00,2020-01-06 14:16:45,-5.25
32,하양역 건너,2020-01-06 14:32:00,2020-01-06 14:28:34,-3.43
32,상공회의소건너,2020-01-06 15:42:00,2020-01-06 15:39:01,-2.98
32,안심역(4번출구),2020-01-06 16:22:00,2020-01-06 16:22:21,0.35
32,하양역,2020-01-06 16:37:00,2020-01-06 16:35:32,-1.47
32,대구대정문 건너,2020-01-06 16:52:00,2020-01-06 16:50:31,-1.48
33,대구대정문 건너,2020-01-02 14:40:00,2020-01-02 14:34:32,-5.47
33,하양역 건너,2020-01-02 14:50:00,2020-01-02 14:45:42,-4.3
33,상공회의소건너,2020-01-02 16:00:00,2020-01-02 15:54:29,-5.52
33,안심역(4번출구),2020-01-02 16:40:00,2020-01-02 16:40:04,0.07
33,하양역,2020-01-02 16:55:00,2020-01-02 16:53:31,-1.48
33,대구대정문 건너,2020-01-02 17:10:00,2020-01-02 17:08:17,-1.72
33,대구대정문 건너,2020-01-03 14:40:00,2020-01-03 14:40:33,0.55
33,하양역 건너,2020-01-03 14:50:00,2020-01-03 14:53:11,3.18
33,상공회의소건너,2020-01-03 16:00:00,2020-01-03 16:03:02,3.03
33,안심역(4번출구),2020-01-03 16:40:00,2020-01-03 16:42:42,2.7
33,하양역,2020-01-03 16:55:00,2020-01-03 16:56:37,1.62
33,대구대정문 건너,2020-01-03 17:10:00,2020-01-03 17:08:37,-1.38
33,대구대정문 건너,2020-01-06 14:40:00,2020-01-06 14:42:24,2.4
33,하양역 건너,2020-01-06 14:50:00,2020-01-06 14:55:53,5.88
33,상공회의소건너,2020-01-06 16:00:00,2020-01-06 15:57:04,-2.93
33,안심역(4번출구),2020-01-06 16:40:00,2020-01-06 16:42:51,2.85
33,하양역,2020-01-06 16:55:00,2020-01-06 16:56:45,1.75
33,대구대정문 건너,2020-01-06 17:10:00,2020-01-06 17:10:19,0.32
34,대구대정문 건너,2020-01-02 14:57:00,2020-01-02 14:58:09,1.15
34,하양역 건너,2020-01-02 15:07:00,2020-01-02 15:10:30,3.5
34,상공회의소건너,2020-01-02 16:17:00,2020-01-02 16:13:25,-3.58
34,안심역(4번출구),2020-01-02 16:57:00,2020-01-02 16:57:46,0.77
34,하양역,2020-01-02 17:12:00,2020-01-02 17:11:30,-0.5
34,대구대정문 건너,2020-01-02 17:27:00,2020-01-02 17:25:19,-1.68
34,대구대정문 건너,2020-01-03 14:57:00,2020-01-03 14:54:06,-2.9
34,하양역 건너,2020-01-03 15:07:00,2020-01-03 14:53:11,-13.82
34,상공회의소건너,2020-01-03 16:17:00,2020-01-03 16:22:21,5.35
34,안심역(4번출구),2020-01-03 16:57:00,2020-01-03 17:09:48,12.8
34,하양역,2020-01-03 17:12:00,2020-01-03 17:23:11,11.18
34,대구대정문 건너,2020-01-03 17:27:00,2020-01-03 17:31:16,4.27
34,대구대정문 건너,2020-01-06 14:57:00,2020-01-06 14:54:03,-2.95
34,하양역 건너,2020-01-06 15:07:00,2020-01-06 15:15:51,8.85
34,상공회의소건너,2020-01-06 16:17:00,2020-01-06 16:19:07,2.12
34,안심역(4번출구),2020-01-06 16:57:00,2020-01-06 16:49:01,-7.98
34,하양역,2020-01-06 17:12:00,2020-01-06 17:02:59,-9.02
34,대구대정문 건너,2020-01-06 17:27:00,2020-01-06 17:36:24,9.4
35,대구대정문 건너,2020-01-02 15:14:00,2020-01-02 15:10:17,-3.72
35,하양역 건너,2020-01-02 15:24:00,2020-01-02 15:21:25,-2.58
35,상공회의소건너,2020-01-02 16:34:00,2020-01-02 16:42:50,8.83
35,안심역(4번출구),2020-01-02 17:14:00,2020-01-02 17:18:46,4.77
35,하양역,2020-01-02 17:29:00,2020-01-02 17:32:50,3.83
35,대구대정문 건너,2020-01-02 17:44:00,2020-01-02 17:45:00,1.0
35,대구대정문 건너,2020-01-03 15:14:00,2020-01-03 15:20:19,6.32
35,하양역 건너,2020-01-03 15:24:00,2020-01-03 15:22:08,-1.87
35,상공회의소건너,2020-01-03 16:34:00,2020-01-03 16:37:24,3.4
35,안심역(4번출구),2020-01-03 17:14:00,2020-01-03 17:15:58,1.97
35,하양역,2020-01-03 17:29:00,2020-01-03 17:29:46,0.77
35,대구대정문 건너,2020-01-03 17:44:00,2020-01-03 17:38:07,-5.88
35,대구대정문 건너,2020-01-06 15:14:00,2020-01-06 15:22:30,8.5
35,하양역 건너,2020-01-06 15:24:00,2020-01-06 15:24:13,0.22
35,상공회의소건너,2020-01-06 16:34:00,2020-01-06 16:31:35,-2.42
35,안심역(4번출구),2020-01-06 17:14:00,2020-01-06 17:12:45,-1.25
35,하양역,2020-01-06 17:29:00,2020-01-06 17:27:11,-1.82
35,대구대정문 건너,2020-01-06 17:44:00,2020-01-06 17:37:26,-6.57
36,대구대정문 건너,2020-01-02 15:31:00,2020-01-02 15:26:20,-4.67
36,하양역 건너,2020-01-02 15:41:00,2020-01-02 15:40:59,-0.02
36,상공회의소건너,2020-01-02 16:51:00,2020-01-02 16:45:56,-5.07
36,안심역(4번출구),2020-01-02 17:31:00,2020-01-02 17:42:50,11.83
36,하양역,2020-01-02 17:46:00,2020-01-02 17:56:32,10.53
36,대구대정문 건너,2020-01-02 18:01:00,2020-01-02 17:52:45,-8.25
36,대구대정문 건너,2020-01-03 15:31:00,2020-01-03 15:36:30,5.5
36,하양역 건너,2020-01-03 15:41:00,2020-01-03 15:39:17,-1.72
36,상공회의소건너,2020-01-03 16:51:00,2020-01-03 16:46:34,-4.43
36,안심역(4번출구),2020-01-03 17:31:00,2020-01-03 17:33:49,2.82
36,하양역,2020-01-03 17:46:00,2020-01-03 17:47:19,1.32
36,대구대정문 건너,2020-01-03 18:01:00,2020-01-03 17:58:56,-2.07
36,대구대정문 건너,2020-01-06 15:31:00,2020-01-06 15:24:38,-6.37
36,하양역 건너,2020-01-06 15:41:00,2020-01-06 15:36:02,-4.97
36,상공회의소건너,2020-01-06 16:51:00,2020-01-06 16:45:28,-5.53
36,안심역(4번출구),2020-01-06 17:31:00,2020-01-06 17:30:42,-0.3
36,하양역,2020-01-06 17:46:00,2020-01-06 17:44:23,-1.62
36,대구대정문 건너,2020-01-06 18:01:00,2020-01-06 17:58:39,-2.35
37,대구대정문 건너,2020-01-02 15:48:00,2020-01-02 15:49:56,1.93
37,하양역 건너,2020-01-02 15:58:00,2020-01-02 15:55:44,-2.27
37,상공회의소건너,2020-01-02 17:08:00,2020-01-02 17:04:57,-3.05
37,안심역(4번출구),2020-01-02 17:48:00,2020-01-02 17:49:00,1.0
37,하양역,2020-01-02 18:03:00,2020-01-02 18:02:54,-0.1
37,대구대정문 건너,2020-01-02 18:18:00,2020-01-02 18:16:13,-1.78
37,대구대정문 건너,2020-01-03 15:48:00,2020-01-03 15:46:09,-1.85
37,하양역 건너,2020-01-03 15:58:00,2020-01-03 15:56:24,-1.6
37,상공회의소건너,2020-01-03 17:08:00,2020-01-03 17:07:48,-0.2
37,안심역(4번출구),2020-01-03 17:48:00,2020-01-03 17:42:51,-5.15
37,하양역,2020-01-03 18:03:00,2020-01-03 18:08:44,5.73
37,대구대정문 건너,2020-01-03 18:18:00,2020-01-03 18:14:49,-3.18
37,대구대정문 건너,2020-01-06 15:48:00,2020-01-06 15:46:16,-1.73
37,하양역 건너,2020-01-06 15:58:00,2020-01-06 16:01:04,3.07
37,상공회의소건너,2020-01-06 17:08:00,2020-01-06 17:05:42,-2.3
37,안심역(4번출구),2020-01-06 17:48:00,2020-01-06 17:48:53,0.88
37,하양역,2020-01-06 18:03:00,2020-01-06 18:03:33,0.55
37,대구대정문 건너,2020-01-06 18:18:00,2020-01-06 18:16:33,-1.45
38,대구대정문 건너,2020-01-02 16:05:00,2020-01-02 15:49:56,-15.07
38,하양역 건너,2020-01-02 16:15:00,2020-01-02 16:25:27,10.45
38,상공회의소건너,2020-01-02 17:25:00,2020-01-02 17:21:05,-3.92
38,안심역(4번출구),2020-01-02 18:05:00,2020-01-02 18:07:11,2.18
38,하양역,2020-01-02 18:20:00,2020-01-02 18:20:29,0.48
38,대구대정문 건너,2020-01-02 18:35:00,2020-01-02 18:34:28,-0.53
38,대구대정문 건너,2020-01-03 16:05:00,2020-01-03 16:01:59,-3.02
38,하양역 건너,2020-01-03 16:15:00,2020-01-03 16:13:00,-2.0
38,상공회의소건너,2020-01-03 17:25:00,2020-01-03 17:24:47,-0.22
38,안심역(4번출구),2020-01-03 18:05:00,2020-01-03 18:03:43,-1.28
38,하양역,2020-01-03 18:20:00,2020-01-03 18:17:28,-2.53
38,대구대정문 건너,2020-01-03 18:35:00,2020-01-03 18:34:22,-0.63
38,대구대정문 건너,2020-01-06 16:05:00,2020-01-06 16:04:43,-0.28
38,하양역 건너,2020-01-06 16:15:00,2020-01-06 16:18:45,3.75
38,상공회의소건너,2020-01-06 17:25:00,2020-01-06 17:22:08,-2.87
38,안심역(4번출구),2020-01-06 18:05:00,2020-01-06 18:06:45,1.75
38,하양역,2020-01-06 18:20:00,2020-01-06 18:20:12,0.2
38,대구대정문 건너,2020-01-06 18:35:00,2020-01-06 18:29:18,-5.7
39,대구대정문 건너,2020-01-02 16:22:00,2020-01-02 16:22:34,0.57
39,하양역 건너,2020-01-02 16:32:00,2020-01-02 16:37:27,5.45
39,상공회의소건너,2020-01-02 17:42:00,2020-01-02 17:35:15,-6.75
39,안심역(4번출구),2020-01-02 18:22:00,2020-01-02 18:18:36,-3.4
39,하양역,2020-01-02 18:37:00,2020-01-02 18:32:40,-4.33
39,대구대정문 건너,2020-01-02 18:52:00,2020-01-02 19:04:18,12.3
39,대구대정문 건너,2020-01-03 16:22:00,2020-01-03 16:24:44,2.73
39,하양역 건너,2020-01-03 16:32:00,2020-01-03 16:36:02,4.03
39,상공회의소건너,2020-01-03 17:42:00,2020-01-03 17:38:48,-3.2
39,안심역(4번출구),2020-01-03 18:22:00,2020-01-03 18:21:47,-0.22
39,하양역,2020-01-03 18:37:00,2020-01-03 18:35:43,-1.28
39,대구대정문 건너,2020-01-03 18:52:00,2020-01-03 19:01:18,9.3
39,대구대정문 건너,2020-01-06 16:22:00,2020-01-06 16:24:24,2.4
39,하양역 건너,2020-01-06 16:32:00,2020-01-06 16:27:50,-4.17
39,상공회의소건너,2020-01-06 17:42:00,2020-01-06 17:38:01,-3.98
39,안심역(4번출구),2020-01-06 18:22:00,2020-01-06 18:18:54,-3.1
39,하양역,2020-01-06 18:37:00,2020-01-06 18:29:52,-7.13
39,대구대정문 건너,2020-01-06 18:52:00,2020-01-06 18:58:48,6.8
40,대구대정문 건너,2020-01-02 16:40:00,2020-01-02 16:40:18,0.3
40,하양역 건너,2020-01-02 16:50:00,2020-01-02 16:45:11,-4.82
40,상공회의소건너,2020-01-02 18:00:00,2020-01-02 17:58:43,-1.28
40,안심역(4번출구),2020-01-02 18:40:00,2020-01-02 18:39:35,-0.42
40,하양역,2020-01-02 18:55:00,2020-01-02 18:53:53,-1.12
40,대구대정문 건너,2020-01-02 19:10:00,2020-01-02 19:04:39,-5.35
40,대구대정문 건너,2020-01-03 16:40:00,2020-01-03 16:48:34,8.57
40,하양역 건너,2020-01-03 16:50:00,2020-01-03 16:48:14,-1.77
40,상공회의소건너,2020-01-03 18:00:00,2020-01-03 18:10:09,10.15
40,안심역(4번출구),2020-01-03 18:40:00,2020-01-03 18:31:10,-8.83
40,하양역,2020-01-03 18:55:00,2020-01-03 18:48:09,-6.85
40,대구대정문 건너,2020-01-03 19:10:00,2020-01-03 19:08:07,-1.88
40,대구대정문 건너,2020-01-06 16:40:00,2020-01-06 16:49:13,9.22
40,하양역 건너,2020-01-06 16:50:00,2020-01-06 16:48:17,-1.72
40,상공회의소건너,2020-01-06 18:00:00,2020-01-06 17:52:22,-7.63
40,안심역(4번출구),2020-01-06 18:40:00,2020-01-06 18:36:57,-3.05
40,하양역,2020-01-06 18:55:00,2020-01-06 18:50:33,-4.45
40,대구대정문 건너,2020-01-06 19:10:00,2020-01-06 19:02:39,-7.35
41,대구대정문 건너,2020-01-02 16:58:00,2020-01-02 17:04:28,6.47
41,하양역 건너,2020-01-02 17:08:00,2020-01-02 17:03:11,-4.82
41,상공회의소건너,2020-01-02 18:28:00,2020-01-02 18:29:47,1.78
41,안심역(4번출구),2020-01-02 19:08:00,2020-01-02 19:13:16,5.27
41,하양역,2020-01-02 19:23:00,2020-01-02 19:26:51,3.85
41,대구대정문 건너,2020-01-02 19:38:00,2020-01-02 19:40:45,2.75
41,대구대정문 건너,2020-01-03 16:58:00,2020-01-03 16:54:36,-3.4
41,하양역 건너,2020-01-03 17:08:00,2020-01-03 17:09:44,1.73
41,상공회의소건너,2020-01-03 18:28:00,2020-01-03 18:37:11,9.18
41,안심역(4번출구),2020-01-03 19:08:00,2020-01-03 19:00:39,-7.35
41,하양역,2020-01-03 19:23:00,2020-01-03 19:14:37,-8.38
41,대구대정문 건너,2020-01-03 19:38:00,2020-01-03 19:44:11,6.18
41,대구대정문 건너,2020-01-06 16:58:00,2020-01-06 16:50:31,-7.48
41,하양역 건너,2020-01-06 17:08:00,2020-01-06 17:10:27,2.45
41,상공회의소건너,2020-01-06 18:28:00,2020-01-06 18:23:25,-4.58
41,안심역(4번출구),2020-01-06 19:08:00,2020-01-06 19:09:46,1.77
41,하양역,2020-01-06 19:23:00,2020-01-06 19:23:28,0.47
41,대구대정문 건너,2020-01-06 19:38:00,2020-01-06 19:34:41,-3.32
42,대구대정문 건너,2020-01-02 17:15:00,2020-01-02 17:08:17,-6.72
42,하양역 건너,2020-01-02 17:25:00,2020-01-02 17:22:02,-2.97
42,상공회의소건너,2020-01-02 18:45:00,2020-01-02 18:41:18,-3.7
42,안심역(4번출구),2020-01-02 19:25:00,2020-01-02 19:24:52,-0.13
42,하양역,2020-01-02 19:40:00,2020-01-02 19:38:33,-1.45
42,대구대정문 건너,2020-01-02 19:50:00,2020-01-02 19:50:07,0.12
42,대구대정문 건너,2020-01-03 17:15:00,2020-01-03 17:08:37,-6.38
42,하양역 건너,2020-01-03 17:25:00,2020-01-03 17:21:43,-3.28
42,상공회의소건너,2020-01-03 18:45:00,2020-01-03 18:41:58,-3.03
42,안심역(4번출구),2020-01-03 19:25:00,2020-01-03 19:21:45,-3.25
42,하양역,2020-01-03 19:40:00,2020-01-03 19:33:09,-6.85
42,대구대정문 건너,2020-01-03 19:50:00,2020-01-03 19:46:18,-3.7
42,대구대정문 건너,2020-01-06 17:15:00,2020-01-06 17:10:19,-4.68
42,하양역 건너,2020-01-06 17:25:00,2020-01-06 17:25:57,0.95
42,상공회의소건너,2020-01-06 18:45:00,2020-01-06 18:45:57,0.95
42,안심역(4번출구),2020-01-06 19:25:00,2020-01-06 19:24:41,-0.32
42,하양역,2020-01-06 19:40:00,2020-01-06 19:35:40,-4.33
42,대구대정문 건너,2020-01-06 19:50:00,2020-01-06 19:49:10,-0.83
42,진량황제A,2020-01-06 20:10:00,2020-01-06 17:37:11,-152.82
43,대구대정문 건너,2020-01-02 17:32:00,2020-01-02 17:30:43,-1.28
43,하양역 건너,2020-01-02 17:40:00,2020-01-02 17:40:29,0.48
43,상공회의소건너,2020-01-02 19:00:00,2020-01-02 19:05:59,5.98
43,안심역(4번출구),2020-01-02 19:40:00,2020-01-02 19:45:46,5.77
43,하양역,2020-01-02 19:55:00,2020-01-02 19:59:17,4.28
43,대구대정문 건너,2020-01-02 20:05:00,2020-01-02 20:04:21,-0.65
43,대구대정문 건너,2020-01-03 17:32:00,2020-01-03 17:31:16,-0.73
43,하양역 건너,2020-01-03 17:40:00,2020-01-03 17:31:19,-8.68
43,상공회의소건너,2020-01-03 19:00:00,2020-01-03 19:05:03,5.05
43,안심역(4번출구),2020-01-03 19:40:00,2020-01-03 19:39:42,-0.3
43,하양역,2020-01-03 19:55:00,2020-01-03 19:53:08,-1.87
43,대구대정문 건너,2020-01-03 20:05:00,2020-01-03 20:04:09,-0.85
43,대구대정문 건너,2020-01-06 17:32:00,2020-01-06 17:36:24,4.4
43,하양역 건너,2020-01-06 17:40:00,2020-01-06 17:49:23,9.38
43,상공회의소건너,2020-01-06 19:00:00,2020-01-06 18:52:32,-7.47
43,안심역(4번출구),2020-01-06 19:40:00,2020-01-06 19:45:49,5.82
43,하양역,2020-01-06 19:55:00,2020-01-06 19:59:34,4.57
43,대구대정문 건너,2020-01-06 20:05:00,2020-01-06 20:09:22,4.37
43,진량황제A,2020-01-06 20:25:00,2020-01-06 17:37:11,-167.82
44,대구대정문 건너,2020-01-02 17:50:00,2020-01-02 17:52:45,2.75
44,하양역 건너,2020-01-02 17:58:00,2020-01-02 17:51:52,-6.13
44,상공회의소건너,2020-01-02 19:18:00,2020-01-02 19:19:34,1.57
44,안심역(4번출구),2020-01-02 19:58:00,2020-01-02 19:57:33,-0.45
44,하양역,2020-01-02 20:13:00,2020-01-02 20:11:27,-1.55
44,대구대정문 건너,2020-01-02 20:23:00,2020-01-02 20:22:29,-0.52
44,대구대정문 건너,2020-01-03 17:50:00,2020-01-03 17:52:27,2.45
44,하양역 건너,2020-01-03 17:58:00,2020-01-03 17:58:29,0.48
44,상공회의소건너,2020-01-03 19:18:00,2020-01-03 19:14:45,-3.25
44,안심역(4번출구),2020-01-03 19:58:00,2020-01-03 19:54:48,-3.2
44,하양역,2020-01-03 20:13:00,2020-01-03 20:09:13,-3.78
44,대구대정문 건너,2020-01-03 20:23:00,2020-01-03 20:16:41,-6.32
44,대구대정문 건너,2020-01-06 17:50:00,2020-01-06 17:53:09,3.15
44,하양역 건너,2020-01-06 17:58:00,2020-01-06 18:06:15,8.25
44,상공회의소건너,2020-01-06 19:18:00,2020-01-06 19:18:40,0.67
44,안심역(4번출구),2020-01-06 19:58:00,2020-01-06 19:45:49,-12.18
44,하양역,2020-01-06 20:13:00,2020-01-06 20:08:19,-4.68
44,대구대정문 건너,2020-01-06 20:23:00,2020-01-06 20:32:13,9.22
44,진량황제A,2020-01-06 20:43:00,2020-01-06 17:37:11,-185.82
45,대구대정문 건너,2020-01-02 18:07:00,2020-01-02 18:16:13,9.22
45,하양역 건너,2020-01-02 18:15:00,2020-01-02 18:13:09,-1.85
45,상공회의소건너,2020-01-02 18:35:00,2020-01-02 18:36:35,1.58
45,안심역(4번출구),2020-01-02 20:15:00,2020-01-02 20:15:45,0.75
45,하양역,2020-01-02 20:30:00,2020-01-02 20:29:36,-0.4
45,대구대정문 건너,2020-01-02 20:40:00,2020-01-02 20:40:41,0.68
45,대구대정문 건너,2020-01-03 18:07:00,2020-01-03 18:06:51,-0.15
45,하양역 건너,2020-01-03 18:15:00,2020-01-03 18:06:15,-8.75
45,상공회의소건너,2020-01-03 18:35:00,2020-01-03 18:37:11,2.18
45,안심역(4번출구),2020-01-03 20:15:00,2020-01-03 20:12:51,-2.15
45,하양역,2020-01-03 20:30:00,2020-01-03 20:31:53,1.88
45,대구대정문 건너,2020-01-03 20:40:00,2020-01-03 20:42:20,2.33
45,대구대정문 건너,2020-01-06 18:07:00,2020-01-06 17:58:39,-8.35
45,하양역 건너,2020-01-06 18:15:00,2020-01-06 18:06:15,-8.75
45,상공회의소건너,2020-01-06 18:35:00,2020-01-06 18:32:39,-2.35
45,안심역(4번출구),2020-01-06 20:15:00,2020-01-06 20:12:56,-2.07
45,하양역,2020-01-06 20:30:00,2020-01-06 20:34:57,4.95
45,대구대정문 건너,2020-01-06 20:40:00,2020-01-06 20:46:29,6.48
45,진량황제A,2020-01-06 21:00:00,2020-01-06 17:37:11,-202.82
46,대구대정문 건너,2020-01-02 18:24:00,2020-01-02 18:20:49,-3.18
46,하양역 건너,2020-01-02 18:33:00,2020-01-02 18:33:36,0.6
46,상공회의소건너,2020-01-02 19:53:00,2020-01-02 19:51:45,-1.25
46,안심역(4번출구),2020-01-02 20:33:00,2020-01-02 20:27:42,-5.3
46,하양역,2020-01-02 20:48:00,2020-01-02 20:41:35,-6.42
46,대구대정문 건너,2020-01-02 20:58:00,2020-01-02 21:06:38,8.63
46,대구대정문 건너,2020-01-03 18:24:00,2020-01-03 18:14:49,-9.18
46,하양역 건너,2020-01-03 18:33:00,2020-01-03 18:36:41,3.68
46,상공회의소건너,2020-01-03 19:53:00,2020-01-03 19:54:33,1.55
46,안심역(4번출구),2020-01-03 20:33:00,2020-01-03 20:24:56,-8.07
46,하양역,2020-01-03 20:48:00,2020-01-03 20:41:27,-6.55
46,대구대정문 건너,2020-01-03 20:58:00,2020-01-03 20:54:19,-3.68
46,대구대정문 건너,2020-01-06 18:24:00,2020-01-06 18:29:18,5.3
46,하양역 건너,2020-01-06 18:33:00,2020-01-06 18:31:31,-1.48
46,상공회의소건너,2020-01-06 19:53:00,2020-01-06 19:51:07,-1.88
46,안심역(4번출구),2020-01-06 20:33:00,2020-01-06 20:39:48,6.8
46,하양역,2020-01-06 20:48:00,2020-01-06 20:53:05,5.08
46,대구대정문 건너,2020-01-06 20:58:00,2020-01-06 20:52:33,-5.45
46,진량황제A,2020-01-06 21:15:00,2020-01-06 17:37:11,-217.82
47,대구대정문 건너,2020-01-02 18:41:00,2020-01-02 18:34:28,-6.53
47,하양역 건너,2020-01-02 18:51:00,2020-01-02 18:55:14,4.23
47,상공회의소건너,2020-01-02 20:01:00,2020-01-02 20:04:43,3.72
47,안심역(4번출구),2020-01-02 20:41:00,2020-01-02 20:42:51,1.85
47,하양역,2020-01-02 20:56:00,2020-01-02 20:56:44,0.73
47,대구대정문 건너,2020-01-02 21:06:00,2020-01-02 21:06:38,0.63
47,대구대정문 건너,2020-01-03 18:41:00,2020-01-03 18:34:22,-6.63
47,하양역 건너,2020-01-03 18:51:00,2020-01-03 18:57:17,6.28
47,상공회의소건너,2020-01-03 20:01:00,2020-01-03 20:05:00,4.0
47,안심역(4번출구),2020-01-03 20:41:00,2020-01-03 20:42:44,1.73
47,하양역,2020-01-03 20:56:00,2020-01-03 20:56:06,0.1
47,대구대정문 건너,2020-01-03 21:06:00,2020-01-03 21:07:13,1.22
47,대구대정문 건너,2020-01-06 18:41:00,2020-01-06 18:43:14,2.23
47,하양역 건너,2020-01-06 18:51:00,2020-01-06 18:56:56,5.93
47,상공회의소건너,2020-01-06 20:01:00,2020-01-06 19:58:26,-2.57
47,안심역(4번출구),2020-01-06 20:41:00,2020-01-06 20:39:48,-1.2
47,하양역,2020-01-06 20:56:00,2020-01-06 20:56:33,0.55
47,대구대정문 건너,2020-01-06 21:06:00,2020-01-06 21:04:16,-1.73
47,진량황제A,2020-01-06 21:26:00,2020-01-06 17:37:11,-228.82
48,대구대정문 건너,2020-01-02 18:58:00,2020-01-02 19:04:18,6.3
48,하양역 건너,2020-01-02 19:08:00,2020-01-02 19:02:35,-5.42
48,상공회의소건너,2020-01-02 20:18:00,2020-01-02 20:28:18,10.3
48,안심역(4번출구),2020-01-02 20:58:00,2020-01-02 21:00:49,2.82
48,하양역,2020-01-02 21:13:00,2020-01-02 21:11:31,-1.48
48,대구대정문 건너,2020-01-02 21:23:00,2020-01-02 21:20:52,-2.13
48,대구대정문 건너,2020-01-03 18:58:00,2020-01-03 19:01:18,3.3
48,하양역 건너,2020-01-03 19:08:00,2020-01-03 19:09:20,1.33
48,상공회의소건너,2020-01-03 20:18:00,2020-01-03 20:14:52,-3.13
48,안심역(4번출구),2020-01-03 20:58:00,2020-01-03 20:57:47,-0.22
48,하양역,2020-01-03 21:13:00,2020-01-03 21:11:54,-1.1
48,대구대정문 건너,2020-01-03 21:23:00,2020-01-03 21:22:28,-0.53
48,대구대정문 건너,2020-01-06 18:58:00,2020-01-06 18:58:48,0.8
48,하양역 건너,2020-01-06 19:08:00,2020-01-06 19:13:04,5.07
48,상공회의소건너,2020-01-06 20:18:00,2020-01-06 20:17:47,-0.22
48,안심역(4번출구),2020-01-06 20:58:00,2020-01-06 21:00:46,2.77
48,하양역,2020-01-06 21:13:00,2020-01-06 21:14:50,1.83
48,대구대정문 건너,2020-01-06 21:23:00,2020-01-06 21:26:27,3.45
48,진량황제A,2020-01-06 21:43:00,2020-01-06 17:37:11,-245.82
49,대구대정문 건너,2020-01-02 19:15:00,2020-01-02 19:24:37,9.62
49,하양역 건너,2020-01-02 19:25:00,2020-01-02 19:15:56,-9.07
49,상공회의소건너,2020-01-02 20:35:00,2020-01-02 20:40:57,5.95
49,안심역(4번출구),2020-01-02 21:15:00,2020-01-02 21:10:01,-4.98
49,하양역,2020-01-02 21:30:00,2020-01-02 21:31:28,1.47
49,대구대정문 건너,2020-01-02 21:40:00,2020-01-02 21:32:15,-7.75
49,대구대정문 건너,2020-01-03 19:15:00,2020-01-03 19:08:07,-6.88
49,하양역 건너,2020-01-03 19:25:00,2020-01-03 19:26:42,1.7
49,상공회의소건너,2020-01-03 20:35:00,2020-01-03 20:38:24,3.4
49,안심역(4번출구),2020-01-03 21:15:00,2020-01-03 21:12:58,-2.03
49,하양역,2020-01-03 21:30:00,2020-01-03 21:30:48,0.8
49,대구대정문 건너,2020-01-03 21:40:00,2020-01-03 21:40:42,0.7
49,대구대정문 건너,2020-01-06 19:15:00,2020-01-06 19:20:03,5.05
49,하양역 건너,2020-01-06 19:25:00,2020-01-06 19:19:36,-5.4
49,상공회의소건너,2020-01-06 20:35:00,2020-01-06 20:38:18,3.3
49,안심역(4번출구),2020-01-06 21:15:00,2020-01-06 21:13:03,-1.95
49,하양역,2020-01-06 21:30:00,2020-01-06 21:30:01,0.02
49,대구대정문 건너,2020-01-06 21:40:00,2020-01-06 21:40:16,0.27
49,진량황제A,2020-01-06 22:00:00,2020-01-06 17:37:11,-262.82
51,대구대정문 건너,2020-01-02 19:35:00,2020-01-02 19:40:45,5.75
51,하양역 건너,2020-01-02 19:45:00,2020-01-02 19:41:10,-3.83
51,상공회의소건너,2020-01-02 20:55:00,2020-01-02 20:51:31,-3.48
51,안심역(4번출구),2020-01-02 21:35:00,2020-01-02 21:30:47,-4.22
51,하양역,2020-01-02 21:50:00,2020-01-02 21:51:20,1.33
51,대구대정문 건너,2020-01-02 22:00:00,2020-01-02 22:01:10,1.17
51,대구대정문 건너,2020-01-03 19:35:00,2020-01-03 19:44:11,9.18
51,하양역 건너,2020-01-03 19:45:00,2020-01-03 19:42:29,-2.52
51,상공회의소건너,2020-01-03 20:55:00,2020-01-03 20:55:23,0.38
51,안심역(4번출구),2020-01-03 21:35:00,2020-01-03 21:33:41,-1.32
51,하양역,2020-01-03 21:50:00,2020-01-03 21:50:09,0.15
51,대구대정문 건너,2020-01-03 22:00:00,2020-01-03 22:03:08,3.13
51,대구대정문 건너,2020-01-06 19:35:00,2020-01-06 19:34:41,-0.32
51,하양역 건너,2020-01-06 19:45:00,2020-01-06 19:42:38,-2.37
51,상공회의소건너,2020-01-06 20:55:00,2020-01-06 20:54:30,-0.5
51,안심역(4번출구),2020-01-06 21:35:00,2020-01-06 21:30:40,-4.33
51,하양역,2020-01-06 21:50:00,2020-01-06 21:52:04,2.07
51,대구대정문 건너,2020-01-06 22:00:00,2020-01-06 22:04:13,4.22
51,진량황제A,2020-01-06 22:20:00,2020-01-06 17:37:11,-282.82
52,대구대정문 건너,2020-01-02 19:55:00,2020-01-02 19:56:38,1.63
52,하양역 건너,2020-01-02 20:05:00,2020-01-02 20:08:16,3.27
52,상공회의소건너,2020-01-02 21:15:00,2020-01-02 21:18:47,3.78
52,안심역(4번출구),2020-01-02 21:55:00,2020-01-02 21:58:24,3.4
52,하양역,2020-01-02 22:10:00,2020-01-02 22:13:46,3.77
52,대구대정문 건너,2020-01-02 22:20:00,2020-01-02 22:24:40,4.67
52,대구대정문 건너,2020-01-03 19:55:00,2020-01-03 19:46:18,-8.7
52,하양역 건너,2020-01-03 20:05:00,2020-01-03 20:02:50,-2.17
52,상공회의소건너,2020-01-03 21:15:00,2020-01-03 21:08:16,-6.73
52,안심역(4번출구),2020-01-03 21:55:00,2020-01-03 21:42:48,-12.2
52,하양역,2020-01-03 22:10:00,2020-01-03 22:22:49,12.82
52,대구대정문 건너,2020-01-03 22:20:00,2020-01-03 22:04:42,-15.3
52,대구대정문 건너,2020-01-06 19:55:00,2020-01-06 19:49:10,-5.83
52,하양역 건너,2020-01-06 20:05:00,2020-01-06 20:10:19,5.32
52,상공회의소건너,2020-01-06 21:15:00,2020-01-06 21:14:51,-0.15
52,안심역(4번출구),2020-01-06 21:55:00,2020-01-06 22:01:09,6.15
52,하양역,2020-01-06 22:10:00,2020-01-06 22:05:23,-4.62
52,대구대정문 건너,2020-01-06 22:20:00,2020-01-06 22:18:30,-1.5
52,진량황제A,2020-01-06 22:40:00,2020-01-06 17:37:11,-302.82
